entity_id,ID
0,d888
0,b1
0,c2063
0,a3
1,d281
1,c1122
2,a4
2,b2
3,a5
3,b3
4,c1846
4,a7
4,b6
5,c2054
5,a9
5,d915
5,b9
6,d961
6,a11
7,a13
7,d939
7,b12
7,c1863
8,a15
8,b15
9,d884
9,a16
10,c1976
10,d882
10,b17
10,a17
11,b1512
11,d232
11,c1168
12,c2023
12,b18
12,a18
13,a21
13,b21
14,b22
14,c1832
14,a22
15,c1855
15,b24
15,a24
16,a25
16,b26
17,c2037
17,a28
18,b29
18,c1935
18,a29
19,b30
19,a30
20,b31
20,d983
20,a31
21,b32
21,a32
22,b33
22,a33
23,b35
23,a35
24,a36
24,b36
25,c1953
25,a41
25,b40
26,a42
26,b41
26,c1881
27,b42
27,a43
28,c1973
28,b43
28,a44
29,a45
29,b45
30,b46
30,a46
30,c2059
31,b48
31,a48
32,c1958
32,b49
32,a49
33,a50
33,b50
33,c1474
34,b53
34,a53
35,b54
35,a55
35,c1933
36,a56
36,b55
37,a57
37,b56
38,b60
38,a60
39,a61
39,b59
39,d887
40,a63
40,c1994
41,a64
41,b63
42,a65
42,b64
43,b67
43,c2024
43,a68
44,b68
44,a69
45,a71
45,b70
46,a72
46,c1938
46,b71
47,b73
47,c2071
47,a74
48,c1945
48,a75
48,b74
49,a76
49,c1788
49,b75
50,b76
50,a77
51,c1892
51,a78
51,b77
52,c1868
52,a79
52,b78
53,b79
53,a80
54,a81
54,b80
55,c2086
55,a84
56,a85
56,b84
57,d898
57,a88
57,b87
58,a89
58,b88
59,b89
59,a90
60,a92
60,b91
60,c1818
61,b92
61,a93
61,c2133
62,b93
62,a94
63,c2408
63,a95
64,c2556
64,b439
64,a96
65,b441
65,a98
66,b442
66,c2447
66,a99
67,c2450
67,a100
67,b443
68,a101
68,b444
68,c2633
69,a103
69,d1224
69,b445
69,c2254
70,a104
70,b446
71,c2249
71,a105
72,b447
72,a106
72,d1218
73,b448
73,a107
74,b449
74,a109
75,a111
75,c2231
75,b450
76,b451
76,a112
77,b452
77,a113
78,b453
78,a114
79,a115
79,b454
80,a117
80,b456
81,d1158
81,a118
81,b457
82,b458
82,a119
83,b459
83,a120
84,c2213
84,a123
84,b461
85,a124
85,b1003
86,a125
86,b462
86,c2286
87,a126
87,b463
88,c1893
88,a127
89,b464
89,a128
90,c2223
90,a131
91,c2163
91,b466
91,a132
92,b467
92,a133
93,a134
93,b468
93,c2348
94,b469
94,a135
95,a136
95,b470
95,d1239
96,d1145
96,c2259
96,b471
96,a137
97,b472
97,a138
98,c2269
98,b473
98,a139
99,a140
99,b474
100,b475
100,d1139
100,c2193
100,a141
101,b477
101,d1155
101,a142
102,b479
102,c2237
102,a144
103,a145
103,c2110
103,b480
104,a146
104,c2198
105,a148
105,b481
106,b482
106,c2242
106,a149
107,a150
107,c2236
108,b483
108,a151
108,c1134
109,b484
109,a152
110,a153
110,c2277
111,a154
111,d1192
111,b486
111,c2358
112,a155
112,d1413
113,d1153
113,a156
113,b487
113,c2346
114,b488
114,a157
115,c2010
115,a158
116,b489
116,d1216
116,a159
117,d1682
117,c2800
118,b490
118,a160
119,a162
119,c2203
119,b492
120,c2226
120,b494
120,a164
121,c2258
121,b495
121,a165
122,b496
122,a166
123,b498
123,c2158
123,a168
124,b500
124,a170
124,c2267
125,b501
125,a171
126,b502
126,c2339
126,a173
126,d1151
127,a174
127,d1156
128,c2356
128,a175
129,a665
129,b1320
130,a176
130,b505
131,b2465
131,c1686
132,b506
132,d1152
132,a177
133,a178
133,c2111
134,a179
134,b508
135,c2217
135,a180
136,c57
136,b2186
137,b509
137,a181
138,c2202
138,b510
138,a182
139,b511
139,a183
140,c2239
140,b512
140,a184
141,a187
141,b515
141,c2212
142,c2138
142,b516
142,a188
143,a189
143,d1189
143,c2351
144,a192
144,b519
144,c2283
145,c2106
145,a193
145,b520
145,d1165
146,d1231
146,a194
146,c2186
146,b521
147,b522
147,c607
147,a195
148,c1575
148,b2496
149,b524
149,c2102
149,a197
150,a198
150,b525
151,a199
151,b526
152,b527
152,a200
153,a201
153,b528
154,c2347
154,a202
154,b529
155,a203
155,b530
156,a204
156,d1182
156,b531
157,b532
157,d1186
157,a205
157,c2245
158,a206
158,d1171
158,b533
159,b534
159,a207
160,b535
160,a208
161,c2097
161,b536
162,a210
162,b538
163,b1927
163,c164
163,a211
164,a212
164,d1212
164,c2248
165,a215
165,c2179
165,b542
166,b543
166,a216
166,d1172
167,b544
167,a217
167,c2189
168,a218
168,c2338
168,b545
168,d1142
169,a219
169,b546
170,d1160
170,b547
170,c2157
170,a220
171,c2241
171,b548
171,a221
172,b550
172,a222
173,a224
173,b552
174,c2256
174,b549
174,a225
175,c2153
175,a226
176,c2337
176,b553
176,a227
177,c2233
177,a228
177,b554
178,c2209
178,a229
179,a230
179,c2176
180,a232
180,b557
181,a233
181,b558
182,b559
182,a234
183,b560
183,d1146
183,a236
184,a237
184,b561
185,c2278
185,b562
186,a239
186,b563
187,a240
187,b564
188,a241
188,c2282
188,b565
188,d1140
189,a242
189,b566
190,a243
190,d1147
191,d1292
191,b569
191,a244
192,c2196
192,d1173
192,a246
192,b570
193,a247
193,b571
193,c2336
194,a248
194,b572
195,b573
195,c2183
195,a249
196,b574
196,c2341
196,a250
197,b575
197,a251
198,a583
198,b1121
199,a253
199,c3242
200,b577
200,c2263
200,a254
201,b578
201,a255
202,c2156
202,d1197
202,a256
203,c2632
203,a310
203,d1679
203,b945
204,b579
204,c2154
204,a257
205,b580
205,a258
206,b581
206,a259
207,c1636
207,b2611
207,a1074
208,b582
208,c2221
208,a260
209,b583
209,a261
210,c2099
210,a262
210,b584
211,a263
211,b585
212,b587
212,c2275
212,a264
213,b586
213,a265
214,a266
214,d1198
215,a675
215,b1331
215,d2963
216,d1149
216,a267
216,b588
217,b590
217,a269
218,b592
218,a270
218,c2285
219,a271
219,c2180
219,b593
220,a274
220,b595
221,b596
221,d1195
221,a275
222,b597
222,d1141
222,a276
222,c2191
223,d1180
223,a277
223,c2208
224,a320
224,b2322
224,d1691
225,c151
225,d2050
226,a278
226,b598
227,a279
227,b599
227,c2171
228,d1181
228,c2352
228,a280
228,b600
229,a281
229,c2112
230,b601
230,a282
231,c2272
231,a283
231,b602
232,a284
232,b603
233,a286
233,b924
234,b1542
234,a287
235,c2614
235,b926
235,a288
236,d2095
236,b2334
237,a290
237,c2723
237,b927
238,d1732
238,b928
238,a291
239,b929
239,c2680
239,a292
240,c2674
240,b930
240,a293
241,c2847
241,a295
242,b932
242,c2611
242,a296
243,a297
243,b933
243,c2719
244,b934
244,a298
245,c2591
245,b935
246,a300
246,c2616
246,b936
247,a301
247,b937
248,b938
248,a302
249,b939
249,a303
250,d1694
250,c2808
250,b941
250,a305
251,c2612
251,a306
252,b943
252,a307
253,a308
253,c2655
254,a309
254,b946
254,c2732
255,c2630
255,b948
256,a314
256,c2747
256,b949
257,b950
257,a315
258,a316
258,b1298
258,d2952
259,d1652
259,a317
259,b959
260,b960
260,a318
261,a319
261,c2685
262,b961
262,a321
263,b962
263,a322
264,c2758
264,a323
264,b963
265,b964
265,a324
265,c2731
266,a325
266,b965
267,b966
267,a326
267,c2842
268,a327
268,b967
269,c2617
269,a328
269,b968
270,b970
270,c2785
270,a330
271,c2667
271,b971
272,a332
272,b972
273,b973
273,a333
274,a334
274,b974
275,b975
275,d1646
275,a335
276,c2656
276,a336
276,b976
277,b978
277,a338
278,c2759
278,b977
278,a340
279,b979
279,c2625
280,c2659
280,a342
281,a344
281,b2123
282,b2088
282,a345
283,c3156
283,a346
284,c44
284,a347
284,b2089
285,a348
285,b2090
286,a349
286,c48
286,b2091
287,b2094
287,a352
288,a356
288,b1358
288,d2106
289,b2098
289,a357
290,c3130
290,a358
291,b2100
291,a359
292,b2101
292,a360
292,c3180
293,b2102
293,a361
294,b2104
294,a363
295,a364
295,d2061
295,b2105
296,a365
296,b2106
297,b2107
297,a366
298,b2108
298,c34
298,a367
299,a368
299,c3068
299,b2109
300,c3109
300,a370
301,c19
301,b2111
301,a371
302,b2112
302,a372
303,a373
303,c3185
304,c3177
304,a374
305,c679
305,a375
306,b2115
306,a376
306,c3057
306,d2056
307,a377
307,b2117
308,c131
308,a381
308,b2121
309,a383
309,c3160
309,b2122
310,a384
310,b2124
311,c114
311,b2125
312,b2128
312,a388
313,c3095
313,a389
314,a393
314,c3120
315,b2132
315,a395
316,c3146
316,a396
317,c3070
317,b2133
318,a398
318,b2134
319,a399
319,d2057
320,c3169
320,a400
321,c141
321,a401
321,b2137
322,a403
322,b2139
323,c3175
323,b2141
323,a406
324,a407
324,b2142
324,c3061
325,b2144
325,a408
326,a410
326,d2123
326,b2146
326,c23
327,d2122
327,a411
327,b2147
328,a412
328,b2148
329,a413
329,b2149
330,c3142
330,b2150
331,c3163
331,a415
331,b2151
332,c3067
332,a418
333,b2154
333,a420
334,c149
334,a421
334,b2155
335,d2093
335,a424
336,a425
336,b2158
337,a427
337,d2082
337,b2160
338,a429
338,b2162
339,b2163
339,a430
340,b981
340,a431
341,b982
341,a432
342,a433
342,b983
343,b984
343,d3137
343,a434
344,a438
344,b987
345,a439
345,b988
346,a440
346,b989
347,b990
347,a441
348,b991
348,a442
348,d3087
349,a443
349,d906
350,b992
350,a444
351,b994
351,a445
352,a446
352,d3106
352,b995
353,a447
353,b996
354,a448
354,b997
355,b999
355,a449
356,b1000
356,a450
357,a451
357,b1001
358,a452
358,b1002
359,a453
359,d3128
360,a454
360,b1004
361,b1005
361,a455
362,b1006
362,a456
363,b1007
363,a459
364,b1008
364,a460
365,b1010
365,a463
366,a464
366,b1011
367,a466
367,b1013
368,a467
368,d3088
369,a468
369,b1015
370,a471
370,b1018
371,a472
371,b1019
372,a473
372,b1020
373,b1021
373,a474
374,a478
374,b1025
375,a481
375,b1027
376,b1028
376,a483
377,b1029
377,d3114
377,a484
378,b1030
378,a486
379,b1031
379,a487
380,a488
380,b1032
381,b1033
381,a489
382,b1035
382,a491
383,b1037
383,a493
384,b1038
384,a494
385,a495
385,d3130
385,b1039
386,a496
386,c508
386,b1040
387,b1042
387,a497
388,a498
388,b1043
389,d3110
389,a500
390,b1047
390,a502
391,a504
391,b1049
392,a505
392,b1050
393,b1051
393,a506
394,a507
394,b1052
395,b1053
395,a508
395,d3083
396,b1054
396,a509
397,a513
397,b1056
398,b1058
398,a514
399,a515
399,b1057
400,b1059
400,a518
401,a520
401,b1061
402,a522
402,b1063
403,b1065
403,a524
404,b1066
404,a525
405,b1067
405,a526
406,b1068
406,a527
407,b1069
407,a529
408,b1070
408,a530
409,b1071
409,a531
410,a532
410,b1072
411,b1073
411,a533
412,b1076
412,a536
413,a813
413,b1463
414,a538
414,b1078
415,a539
415,b1079
415,d3153
416,a540
416,b1080
417,a541
417,d3132
417,b1081
418,b1082
418,a542
419,a543
419,d3075
420,b1084
420,a544
421,b1085
421,a545
422,a546
422,b1086
423,b1088
423,a548
424,a550
424,b1089
425,a552
425,b1091
426,b1092
426,a553
427,a554
427,b1093
428,a556
428,b1095
429,d3111
429,a557
429,b1096
430,a558
430,b1097
431,d3099
431,a559
431,b1098
432,a560
432,b1099
433,d3079
433,b1100
433,a561
434,a563
434,b1102
435,a564
435,b1103
436,a565
436,b1104
437,a566
437,b1105
437,d3144
438,a568
438,b1107
439,a569
439,b1108
440,b1109
440,d3122
440,a570
441,d3104
441,a571
441,b1110
442,a572
442,b1111
443,a573
443,b1112
444,b1113
444,a574
445,b1114
445,a575
446,b1115
446,a576
447,b1116
447,a577
448,d3092
448,b1117
448,a578
449,b793
449,a585
449,c2769
450,d3090
450,a588
450,b1126
451,b1127
451,a589
451,d3105
452,d3116
452,b1128
452,a591
453,b1129
453,a592
454,b1131
454,a594
455,b1132
455,a595
456,b1133
456,a596
457,a597
457,b1134
458,d3109
458,b1135
458,a598
459,d3102
459,a599
459,b1136
460,a602
460,b1139
461,a604
461,b1141
462,b1144
462,a608
463,b1145
463,a609
464,b251
464,a610
465,b1147
465,a612
466,d3138
466,b1148
466,a613
467,b1149
467,d3080
467,a614
468,b1151
468,a616
469,a617
469,b1152
470,b1153
470,a618
471,b1154
471,a619
471,d3115
472,b1155
472,a620
472,c415
473,a622
473,b1157
474,a623
474,d3124
474,b1158
475,b1159
475,a624
476,a625
476,b1160
477,a627
477,b1162
478,b1163
478,a628
479,a629
479,b1164
480,b1166
480,a630
481,b1167
481,a631
482,b1168
482,a632
483,b1169
483,a634
484,b1170
484,a635
485,a636
485,b1171
485,d2942
486,a637
486,d2970
486,b1172
487,b1173
487,c2216
487,a638
488,b1174
488,a639
489,c96
489,a642
490,c1099
490,a643
491,b1301
491,a644
491,d2934
492,c1995
492,a645
492,b1302
493,d3004
493,b1303
493,a646
494,b1304
494,a647
495,a648
495,b1305
496,a649
496,b1306
497,a651
497,b1307
498,a652
498,b1308
499,a653
499,b1309
500,a654
500,d2962
500,b1315
501,d3015
501,b1310
501,a655
502,b2286
502,d2041
502,c132
503,b3003
503,d3339
504,b1312
504,a657
505,b1313
505,a658
506,b1314
506,a660
507,a662
507,b1317
507,d2993
508,a663
508,b1318
509,a664
509,b1319
510,a668
510,b1324
511,b1325
511,a669
512,b1326
512,a670
513,a672
513,d5209
513,b1328
514,b1330
514,d3016
514,a674
515,b1333
515,a677
516,a678
516,b1334
517,b1335
517,a679
518,a680
518,b1336
519,b1337
519,a681
519,d2980
520,a682
520,b1338
521,a687
521,b1343
522,b1344
522,a688
523,a690
523,b1346
524,a691
524,b1347
525,b1349
525,a692
526,c2816
526,a694
527,a700
527,d2978
528,a702
528,b1350
529,a703
529,b1351
530,a704
530,d2567
530,b1352
531,b1353
531,a705
532,d2555
532,a706
532,b1354
533,b1355
533,a707
534,d2541
534,b1356
534,a708
535,a709
535,b1357
536,b1359
536,a710
537,a715
537,b1361
537,d2527
538,b1362
538,a716
539,b1363
539,a717
540,a719
540,b1364
541,c1685
541,b2372
542,b1366
542,a723
543,b1367
543,a724
544,a725
544,b1368
545,b1372
545,a727
546,b1373
546,a729
547,b1376
547,d2576
547,a731
548,a734
548,b1377
549,b1378
549,a735
550,b1379
550,a736
551,d2528
551,a737
552,a738
552,b1380
552,d2534
553,a740
553,b1381
554,a741
554,b1382
555,a742
555,d2514
556,d570
556,c1496
556,b2588
557,a743
557,b1384
558,b1385
558,a744
559,a747
559,b1387
560,b1388
560,a748
561,a750
561,b1389
562,b1390
562,a751
563,b1391
563,a752
564,b1392
564,a753
565,a756
565,d2561
565,b1395
566,d2524
566,a757
566,b1396
567,b1397
567,a758
568,b1401
568,a762
569,a763
569,b1402
570,a765
570,b1403
571,a766
571,d5534
572,b1405
572,a767
573,a768
573,b1406
574,c2638
574,a769
574,b1407
575,a773
575,b1410
576,a774
576,b1411
577,b1412
577,a775
578,d2562
578,a776
578,b1413
579,b1414
579,a777
580,d2582
580,b1415
580,a778
581,a779
581,b1417
581,c336
582,b1420
582,a782
583,a785
583,b1424
584,b1425
584,a787
585,a789
585,d2506
586,d1861
586,c3006
586,b1427
587,b1429
587,d2521
587,a791
588,d2537
588,b1430
588,a792
589,a797
589,b1435
590,a798
590,b1437
591,a799
591,d2522
591,b1438
592,c3107
592,b2175
593,b1441
593,a801
594,a803
594,b1453
595,a804
595,b1454
596,b1455
596,a805
597,d2529
597,b1457
597,a807
598,b1458
598,a808
599,b1459
599,a809
600,b1461
600,a810
601,b1460
601,a811
602,b1462
602,a812
603,a815
603,b1464
604,b1466
604,a818
605,b1468
605,a820
606,a823
606,b1470
607,b1472
607,a826
608,b1473
608,a827
609,a828
609,d2571
610,d2074
610,b1474
610,c3138
611,a829
611,b1475
611,d2553
612,b1476
612,a830
613,a831
613,b1477
614,a832
614,b1478
615,c143
615,a1036
616,a835
616,b1480
617,b1483
617,a838
617,d2535
618,a840
618,b1486
619,c263
619,a842
620,a846
620,b1490
621,a847
621,b1491
622,b1492
622,a848
623,b1493
623,a849
624,b1494
624,a850
625,a851
625,b1495
626,b1498
626,a855
627,a856
627,b1499
628,a857
628,b1500
629,b1501
629,a858
630,a860
630,b1503
631,a863
631,d2539
632,a864
632,b1505
633,b1506
633,d2540
633,a865
634,b1507
634,a866
635,a868
635,b1508
636,a869
636,b1509
637,d2557
637,b1510
637,a870
638,b1511
638,a871
639,a872
639,d2519
640,a1045
640,c3056
640,b2303
640,d2049
641,d2800
641,b2616
642,b1514
642,a874
643,b1515
643,a875
644,a876
644,b1516
645,a877
645,b1517
646,a879
646,b1519
647,b1520
647,a880
648,b1521
648,a881
649,b1522
649,a882
650,a883
650,b1523
651,d2577
651,a885
652,b1526
652,a886
653,b1527
653,d2531
653,a887
654,b1528
654,a888
655,a889
655,b1529
656,a891
656,d2536
656,b1530
657,b1531
657,a892
658,b1533
658,a894
659,a897
659,d2550
659,b1535
660,b1536
660,a898
660,d2566
661,a901
661,b1538
662,a903
662,b1540
663,b1543
663,a905
664,b1544
664,a906
665,a907
665,b1545
666,b1548
666,a910
667,a911
667,b1549
668,b1550
668,a912
669,a913
669,b1551
669,c90
670,a914
670,d2441
671,a916
671,b1552
672,a917
672,b1554
673,b1555
673,a918
674,b1556
674,a919
675,a920
675,b1557
676,b1558
676,a921
677,a922
677,b1559
678,a923
678,b1560
679,b1561
679,a924
680,b1553
680,a925
681,a926
681,b1562
682,a927
682,b1563
683,c249
683,b1564
683,a929
684,b1566
684,a930
685,a931
685,b1567
686,a932
686,b2558
686,c1719
687,c279
687,b1569
688,a934
688,b1570
689,a935
689,b1571
689,d2374
690,b1573
690,c282
691,a938
691,b1574
692,b1575
692,a939
693,b1576
693,a940
693,c273
694,a941
694,b1577
695,c264
695,a942
696,c3042
696,d1892
697,b1579
697,a944
698,a945
698,b1580
699,d2373
699,a947
700,a951
700,b1585
701,a952
701,b1586
702,a953
702,c338
703,a954
703,b1589
704,b1591
704,a956
705,b1592
705,a959
706,d2438
706,a961
707,b1595
707,d2389
707,a963
708,a964
708,b1596
709,a965
709,b1597
710,d2376
710,b1598
710,a966
711,a967
711,b1599
712,b1600
712,a969
713,b1601
713,a970
714,c277
714,a971
714,b1602
715,c499
715,a972
715,b1603
716,a974
716,b1605
717,c343
717,a975
717,b1606
718,d2427
718,a976
718,b1607
719,a977
719,b1608
720,b1609
720,d2446
720,a978
721,a980
721,c275
722,b1611
722,c250
722,a982
723,a983
723,b1613
724,b1614
724,a984
725,a986
725,d2363
725,b1615
726,a987
726,b1616
727,b1617
727,a988
728,a989
728,b1618
729,b1621
729,c256
729,a990
730,b1623
730,a992
731,b1624
731,a993
732,b1625
732,a994
733,b1626
733,a995
734,b1629
734,a998
735,b1630
735,a999
736,b1632
736,a1001
737,a1002
737,b1633
738,a1003
738,b1634
738,c262
739,b1635
739,a1004
740,b1636
740,a1005
741,a1006
741,b1638
742,b1640
742,a1008
743,b1641
743,d2390
743,a1009
744,d2415
744,b1642
744,a1010
745,a1011
745,b1643
746,b1644
746,a1012
747,b2210
747,a1013
747,c3131
748,a1014
748,b1646
748,c267
749,b1647
749,a1015
750,a1016
750,b1648
751,b591
751,a1017
752,d2378
752,b1650
752,a1018
752,c269
753,a1020
753,b1651
753,d2362
754,a1024
754,d2211
755,b1839
755,a1025
756,a1026
756,b1840
757,a1030
757,b1844
758,b2254
758,a1032
759,a1035
759,b2257
760,c117
760,b1481
760,a1038
761,c38
761,a1040
761,b2298
762,a1043
762,b2301
762,d2281
763,a1044
763,b2302
764,c125
764,a1046
765,a1047
765,c3137
765,b2306
766,b2307
766,a1049
767,a1050
767,b2308
768,b2309
768,a1051
769,a1053
769,c1509
770,a1054
770,b2591
770,c1781
771,b2593
771,c1561
771,a1055
772,d815
772,b2594
772,a1056
773,b2596
773,a1058
774,a1060
774,b2597
774,c1435
775,a1062
775,b2599
776,b2600
776,a1063
777,b2601
777,a1064
778,c1338
778,b2602
778,a1065
779,b2605
779,a1068
780,b2606
780,c1503
780,a1069
781,a1071
781,c1780
781,b2608
782,a1072
782,c1529
782,b2609
783,c1458
783,b2610
783,a1073
784,d553
784,b2612
784,c1740
784,a1075
785,b2613
785,a1076
785,c1434
786,a1077
786,b2614
787,b2615
787,c1594
787,a1078
788,a1080
788,b2617
789,b2618
789,d1021
789,a1081
789,c1725
790,b2619
790,a1082
790,c1501
791,a1083
791,c1768
791,b2620
792,d568
792,c1678
792,b2621
792,a1084
793,c2764
793,b952
793,d1659
794,c1442
794,a1085
794,b2622
795,a1086
795,b2623
796,a1087
796,c385
797,b2626
797,c1798
797,a1088
798,b2628
798,c1445
799,b2629
799,a1090
800,b2631
800,c1564
800,a1093
801,b2633
801,a1096
802,a1097
802,b2634
802,c1659
803,b2636
803,a1099
804,b2637
804,a1100
804,c1283
805,a1102
805,b2638
806,d616
806,a1104
806,b2640
807,b2641
807,a1105
807,c1648
808,a1108
808,c1767
808,b2643
809,a1110
809,c1590
809,b2645
810,a1112
810,c1599
810,d595
811,a1113
811,d2715
812,b2647
812,a1114
812,d688
812,c1652
813,a1115
813,b2648
814,d2594
814,b1418
815,d920
815,c1999
815,b8
816,b28
816,d3300
817,b65
817,c2020
818,b86
818,c1869
819,b94
819,c1428
820,b97
820,c2021
821,b98
821,c1981
822,b638
822,c3012
823,b99
823,c1923
824,c1926
824,b113
825,d944
825,b117
826,c460
826,b119
827,b122
827,c1834
828,b123
828,c1624
829,d952
829,b126
830,b134
830,d165
831,c1816
831,b135
832,b136
832,c1827
833,b137
833,c555
834,b138
834,d943
835,b141
835,c1847
836,c2062
836,b142
837,c1949
837,b147
838,c1950
838,b148
839,c2014
839,b151
840,b153
840,c2164
841,b154
841,c1833
842,d925
842,b155
843,b156
843,c1906
844,b157
844,d1020
844,c1809
845,b158
845,c1936
846,b159
846,c349
847,b161
847,c2068
848,c1980
848,b162
849,b163
849,d879
850,b164
850,c2067
851,d877
851,c2058
851,b165
852,b166
852,d902
852,c2092
853,c2128
853,b167
854,b169
854,c1866
855,b170
855,c1932
856,c1882
856,b171
857,b172
857,c1895
858,c1837
858,b173
859,b174
859,c1887
860,c2027
860,d916
861,b177
861,c1992
862,c1873
862,b178
862,c1784
863,b179
863,c1841
863,d892
864,c2028
864,b181
865,b183
865,d911
865,c2083
866,b184
866,d890
867,b185
867,c2033
868,c1961
868,b187
868,d903
869,b188
869,c2079
870,c1910
870,b190
871,b191
871,c1880
872,c1944
872,b192
873,d918
873,b193
874,c1848
874,b196
875,c1919
875,b200
876,c1971
876,b201
877,c1842
877,b202
878,c630
878,b203
879,c1814
879,d909
879,b205
880,c1914
880,b208
881,b210
881,c1934
882,c2041
882,b211
883,b212
883,c2034
884,c1898
884,b213
884,d889
885,b214
885,c1825
886,c1928
886,b215
887,c2167
887,d878
887,b216
888,d968
888,b217
889,d1451
889,b400
890,c1810
890,b219
891,b220
891,c1989
892,b221
892,c1907
893,b222
893,c472
894,d919
894,b223
895,c1987
895,b224
896,b225
896,c1830
897,b226
897,c1977
898,b227
898,c1996
899,b228
899,c1864
900,b230
900,c2060
901,c1890
901,b231
902,c404
902,b232
903,c1820
903,b233
904,c1828
904,b234
905,b235
905,c1911
905,d945
906,c1951
906,b236
907,b237
907,c1922
908,c1929
908,b239
909,b240
909,d929
910,c1852
910,b242
910,d901
911,b244
911,c467
912,c2032
912,b245
913,b247
913,d917
913,c2043
914,c2061
914,b248
915,c2019
915,b249
916,c1931
916,b252
916,d899
917,c1836
917,b254
918,c2095
918,b258
919,c1838
919,b261
920,b263
920,d924
920,c2005
921,b265
921,c1796
922,c2309
922,b266
923,c2301
923,b269
924,c2404
924,b271
925,b275
925,c2324
926,c2646
926,d1417
926,b277
927,d1420
927,b279
927,c2480
928,c457
928,b280
929,c2319
929,b281
930,b283
930,c2304
931,b285
931,c2365
932,b287
932,c2514
933,d1398
933,b288
933,c2511
934,b289
934,c2303
935,c2488
935,b290
936,c2482
936,b293
937,b295
937,c2415
938,c2515
938,b296
939,b1973
939,d2284
940,c2635
940,b297
941,c2553
941,b298
942,c2523
942,b299
943,c2574
943,b302
944,b303
944,c2463
945,c2381
945,b305
946,c2442
946,b306
947,c2473
947,b307
948,b308
948,c2552
949,d1479
949,b309
950,c2472
950,b310
951,b311
951,c2499
952,c2383
952,b312
953,c2295
953,b314
954,c2376
954,b316
955,c2550
955,b318
955,d1442
956,b321
956,d5407
957,b322
957,c2390
958,b323
958,c2469
959,b326
959,c2516
960,c2494
960,b327
960,d1405
961,b328
961,c2506
962,c2416
962,b329
963,c2563
963,b330
964,b331
964,c2371
965,c2392
965,b332
966,b333
966,c2503
967,b334
967,c2292
968,c2527
968,b336
969,c566
969,b338
970,b339
970,c2360
971,c2434
971,b340
972,c2540
972,d1453
972,b341
973,c3054
973,b690
973,d1857
974,b342
974,c2446
975,d1423
975,b343
975,c2406
976,c2521
976,b344
977,b345
977,c2546
978,b346
978,c2354
979,b347
979,c2396
979,d1439
980,c2518
980,b348
981,b349
981,c2425
982,c2414
982,b350
983,d1403
983,b353
983,c2420
984,b355
984,c2509
985,b356
985,c2643
986,c2439
986,b357
987,d1419
987,b358
988,c2452
988,b359
989,b361
989,c2543
990,b362
990,c2363
991,d1397
991,c2524
991,b363
992,c2418
992,b367
993,c2325
993,b368
994,d1522
994,b369
995,d1409
995,b370
996,b376
996,c2288
997,c2547
997,b377
998,c2448
998,b380
999,b381
999,c2310
1000,c2291
1000,b382
1001,b383
1001,c2534
1002,d1495
1002,b384
1003,c2493
1003,b385
1004,b387
1004,c2375
1005,c2555
1005,b389
1006,b390
1006,c2522
1007,b392
1007,c2539
1008,b393
1008,c2431
1009,b394
1009,c2299
1010,c2461
1010,b395
1011,b397
1011,d1459
1011,c2366
1012,b398
1012,c2492
1013,b399
1013,d1422
1013,c2575
1014,d1406
1014,c2544
1014,b401
1015,b403
1015,c2571
1016,c2560
1016,b404
1017,b405
1017,d1404
1017,c2460
1018,c2456
1018,b407
1019,b745
1019,c3055
1020,b410
1020,c2562
1021,d1548
1021,b411
1022,c2453
1022,b413
1023,b415
1023,c2298
1024,c2393
1024,b416
1025,b417
1025,c2648
1025,d1464
1026,b418
1026,c352
1027,d1436
1027,b420
1028,c2293
1028,b422
1029,c2445
1029,b424
1030,c2359
1030,d1458
1030,b425
1031,c2410
1031,b426
1032,b428
1032,c2297
1033,b430
1033,c2308
1033,d1396
1034,b433
1034,c2451
1035,c2443
1035,b434
1036,c2322
1036,b435
1037,b436
1037,c1061
1038,b438
1038,c2364
1039,c556
1039,b460
1040,b476
1040,c2197
1041,b485
1041,c405
1042,c2168
1042,b493
1043,c2205
1043,b497
1044,b523
1044,c591
1045,c2137
1045,b551
1046,c632
1046,b556
1047,c2240
1047,b568
1048,d1143
1048,c2332
1048,b576
1049,b604
1049,c2115
1050,d1167
1050,b607
1051,b608
1051,c2150
1052,c2215
1052,b610
1053,b611
1053,c3084
1054,b616
1054,c2983
1055,c2937
1055,b617
1056,b620
1056,c2899
1057,b621
1057,d1905
1058,b622
1058,c3129
1059,c2828
1059,b623
1060,c2946
1060,b626
1060,d1894
1061,c2948
1061,b628
1062,b629
1062,c2908
1063,c2891
1063,b630
1064,c2912
1064,b632
1065,b633
1065,c2926
1066,c3114
1066,b634
1067,c2829
1067,b637
1068,c2909
1068,b639
1069,b642
1069,c2933
1069,d1873
1070,c3093
1070,b643
1071,b644
1071,c2832
1072,b648
1072,d41
1073,b649
1073,c2911
1074,b651
1074,c2915
1074,d1962
1075,b652
1075,c2940
1076,b653
1076,c2930
1077,b657
1077,c2174
1078,c2921
1078,b660
1079,d1914
1079,b661
1080,b663
1080,c3089
1081,b664
1081,c2901
1082,b665
1082,c2864
1083,c2931
1083,b666
1084,b668
1084,c3076
1085,d1863
1085,c3028
1085,b670
1086,c2956
1086,b671
1087,c2935
1087,b673
1088,b674
1088,d1870
1088,c3003
1089,c3026
1089,b675
1090,b679
1090,c2999
1091,b680
1091,d1933
1092,c3123
1092,b686
1093,d1903
1093,b687
1093,c3021
1094,b688
1094,c3044
1094,d1856
1095,c2836
1095,b689
1096,b691
1096,d1858
1097,d1885
1097,c3119
1097,b692
1098,b694
1098,c2925
1099,c2861
1099,b695
1100,c3091
1100,b696
1101,c3030
1101,b697
1102,c2936
1102,b698
1103,c2928
1103,b699
1104,b700
1104,c3111
1105,d1881
1105,b701
1105,c2867
1106,b703
1106,c3014
1107,c2991
1107,b704
1108,c2825
1108,b705
1109,d1878
1109,b706
1110,d1947
1110,b714
1111,b715
1111,c2959
1112,c2817
1112,b717
1113,b719
1113,c3073
1114,c3117
1114,b720
1115,c2987
1115,b723
1115,d1920
1116,b725
1116,c2890
1117,c3017
1117,b726
1118,b728
1118,d1872
1118,c2905
1119,b729
1119,c2870
1119,d1909
1120,b731
1120,c2929
1121,c2826
1121,b733
1122,b734
1122,c2975
1123,b735
1123,c2919
1124,c2856
1124,b736
1125,d1953
1125,b737
1126,b739
1126,c2900
1127,c2881
1127,b742
1128,b744
1128,c2824
1129,c2884
1129,b746
1130,c2986
1130,b747
1131,b749
1131,c3086
1132,b750
1132,c2865
1133,b751
1133,c3013
1134,b752
1134,d1904
1134,c2969
1135,b753
1135,c3132
1136,b755
1136,d1910
1136,c2831
1137,c2967
1137,b757
1138,c3049
1138,b761
1139,d1862
1139,c3087
1139,b762
1140,b763
1140,d1865
1141,b764
1141,c2978
1142,b765
1142,c2845
1143,c2818
1143,b766
1144,b768
1144,c2995
1144,d1925
1145,b769
1145,c2949
1146,b770
1146,c2876
1147,c3116
1147,b772
1148,b773
1148,c2822
1149,b774
1149,d1868
1150,b775
1150,c2997
1151,c2886
1151,b776
1152,c3005
1152,b777
1153,d1891
1153,c3036
1153,b780
1154,c3022
1154,b781
1155,b785
1155,c2883
1156,c2952
1156,b787
1157,b788
1157,c2830
1158,c2821
1158,b789
1159,b790
1159,c2896
1160,b791
1160,c2720
1161,b792
1161,d124
1162,d1733
1162,b794
1162,c2605
1163,c2631
1163,b795
1164,c2677
1164,b796
1165,b797
1165,c2796
1166,b799
1166,c2797
1167,c2695
1167,b801
1168,b803
1168,c2745
1169,d1647
1169,c2578
1170,c2624
1170,b810
1171,c2766
1171,b813
1172,b815
1172,c2652
1173,c2594
1173,b818
1174,c2858
1174,b819
1175,c2615
1175,b820
1176,b822
1176,c2810
1177,b826
1177,d1701
1177,c2862
1178,b827
1178,c2707
1179,c2716
1179,b828
1180,b830
1180,c2853
1181,b832
1181,c2662
1182,b833
1182,c2676
1183,d1709
1183,b834
1184,d2288
1184,b1817
1185,b835
1185,c2637
1186,b837
1186,c2806
1187,b838
1187,d1719
1188,b839
1188,c2627
1189,d1713
1189,b840
1189,c2686
1190,b842
1190,d1703
1191,b843
1191,c2786
1192,b844
1192,d1710
1193,c2691
1193,b847
1194,c2710
1194,b848
1195,c2613
1195,b849
1196,c575
1196,b850
1197,c2771
1197,b852
1198,b855
1198,c2854
1199,b856
1199,c2736
1200,d1686
1200,b859
1201,b860
1201,c2609
1202,c2802
1202,b861
1203,c2780
1203,b863
1204,b867
1204,c2792
1205,b872
1205,c2834
1206,b873
1206,c2727
1207,c2735
1207,b876
1208,c2738
1208,b877
1209,c2748
1209,b882
1210,c2715
1210,b883
1211,b884
1211,c2619
1212,c2654
1212,b886
1213,b889
1213,c2740
1214,b890
1214,c583
1215,c2811
1215,b894
1216,b895
1216,c2670
1217,c2470
1217,b896
1218,b905
1218,c2621
1219,b906
1219,c2595
1220,c2760
1220,b907
1221,c2607
1221,b908
1222,b910
1222,c2794
1222,d1671
1223,b911
1223,c2584
1224,c2697
1224,b915
1225,b916
1225,c2838
1226,c2610
1226,b917
1227,d1702
1227,b919
1227,c2767
1228,d1730
1228,b920
1229,b923
1229,c2839
1230,d1655
1230,c2848
1230,b940
1231,b953
1231,c2746
1232,b955
1232,d1678
1233,b956
1233,c2688
1234,d3131
1234,b993
1235,c1993
1235,d885
1236,d5688
1236,b1046
1237,b1074
1237,c421
1238,b1083
1238,d2199
1239,b1118
1239,d3089
1240,b1181
1240,d2979
1241,d2938
1241,b1192
1242,b1203
1242,d2973
1243,d2972
1243,b1215
1244,d2933
1244,b1218
1245,d2974
1245,b1223
1246,d2969
1246,b1224
1247,b1237
1247,c2673
1248,b1253
1248,d3020
1249,b1269
1249,d2708
1250,d3027
1250,b1270
1251,c1889
1251,b1282
1252,b1283
1252,d2950
1253,b1285
1253,d2986
1254,d3019
1254,b1293
1255,b1329
1255,c3059
1256,b1339
1256,c448
1257,b1370
1257,d2556
1258,c552
1258,b1394
1259,b1400
1259,c406
1260,d2583
1260,b1445
1261,b1446
1261,d2546
1262,c1138
1262,b1448
1263,b1449
1263,d2547
1264,d2375
1264,b1471
1265,c491
1265,b1568
1266,b1584
1266,d2710
1267,d2401
1267,b1656
1268,d3333
1268,b2943
1269,c384
1269,b1664
1270,d2366
1270,b1665
1271,b1669
1271,c276
1272,b1671
1272,c280
1273,c300
1273,b1674
1274,b1683
1274,d2409
1275,c261
1275,b1693
1276,b1695
1276,c285
1277,c284
1277,b1699
1278,d2394
1278,b1701
1279,d2411
1279,b1702
1280,c247
1280,b1706
1281,d2398
1281,b1714
1282,b1716
1282,d2422
1283,c266
1283,b1717
1284,b1719
1284,c303
1285,b1723
1285,c295
1286,b1724
1286,d2404
1287,d2385
1287,b1726
1288,b1732
1288,c257
1289,c251
1289,b1739
1290,b1740
1290,c314
1291,d2255
1291,b1744
1291,c324
1292,b1746
1292,d2286
1293,b1750
1293,c239
1294,b1755
1294,c229
1295,c299
1295,b1759
1296,b1763
1296,c325
1297,c157
1297,b1765
1298,c190
1298,b1770
1299,b1773
1299,c53
1300,b1776
1300,c185
1301,b1795
1301,c104
1302,b1798
1302,c85
1303,b1801
1303,c507
1304,b1809
1304,c210
1305,b1814
1305,d2250
1306,d2282
1306,b1816
1307,b1818
1307,d2279
1308,b1822
1308,c168
1309,c1103
1309,b1833
1310,b1835
1310,c228
1311,c59
1311,b1836
1312,c618
1312,b1838
1313,b1846
1313,d2225
1314,d2254
1314,b1849
1315,b1854
1315,c328
1316,b1857
1316,c134
1317,b1861
1317,c177
1318,b1862
1318,c310
1319,b1868
1319,d2259
1320,c92
1320,b1869
1321,b1872
1321,c317
1322,b1874
1322,c218
1323,b1876
1323,d2705
1324,c292
1324,b1880
1325,c95
1325,b1883
1326,d2220
1326,b1888
1327,c76
1327,b1891
1328,c335
1328,b1900
1329,b1904
1329,d2311
1330,c241
1330,b1905
1331,c3158
1331,b1906
1332,b1913
1332,c196
1333,b1914
1333,c83
1334,b1916
1334,c180
1335,c62
1335,b1926
1336,b1930
1336,c167
1337,c1408
1337,b1931
1338,c61
1338,b1933
1339,b1934
1339,c207
1340,b1937
1340,c294
1341,b1942
1341,c82
1342,b1944
1342,c66
1343,b1946
1343,d2045
1344,c219
1344,b1953
1345,c72
1345,b1957
1346,d2231
1346,b1958
1347,b1961
1347,d2236
1348,d2256
1348,b1968
1349,b1974
1349,c67
1350,c86
1350,b1982
1351,c204
1351,b1983
1352,c245
1352,b1986
1353,c468
1353,b1989
1354,b1990
1354,c213
1355,c159
1355,d2221
1355,b1994
1356,b1996
1356,c2875
1357,d2305
1357,b2001
1358,d2218
1358,b2011
1358,c327
1359,c244
1359,b2013
1360,b2016
1360,c161
1361,b2021
1361,c63
1362,c231
1362,d2245
1362,b2026
1363,b2027
1363,c334
1364,c80
1364,b2029
1365,b2031
1365,c233
1366,c184
1366,b2034
1367,b2036
1367,d2229
1368,c302
1368,b2039
1369,b2045
1369,c237
1370,b2046
1370,c88
1371,d2264
1371,b2047
1372,b2048
1372,c225
1373,c215
1373,d2201
1373,b2050
1374,c192
1374,b2052
1375,b2054
1375,c181
1376,c77
1376,b2055
1377,c287
1377,b2058
1378,d2204
1378,b2062
1379,d2214
1379,b2064
1380,b2067
1380,c240
1381,c172
1381,b2069
1382,b2082
1382,c214
1383,c68
1383,b2083
1384,b2085
1384,d2206
1385,c601
1385,b2087
1386,c581
1386,b2114
1387,b2130
1387,c429
1388,c1681
1388,b2153
1389,b2165
1389,c3189
1390,d2055
1390,b2169
1391,d2040
1391,b2171
1392,b2176
1392,c47
1393,c51
1393,b2177
1394,b2179
1394,c3139
1395,b2181
1395,c3149
1396,d2069
1396,b2182
1397,b2183
1397,c112
1398,c33
1398,b2188
1399,b2190
1399,d2062
1400,c401
1400,b2191
1401,b2195
1401,c120
1402,c3135
1402,b2198
1403,c49
1403,b2203
1404,c110
1404,b2204
1405,b2205
1405,c27
1406,b2206
1406,c3167
1407,b2212
1407,d2052
1408,c3128
1408,b2213
1409,b2217
1409,c43
1410,c3072
1410,b2222
1411,b2224
1411,c3062
1412,c32
1412,b2226
1413,b2227
1413,c3069
1414,c3077
1414,b2229
1415,c3184
1415,b2230
1416,c31
1416,b2233
1417,b2234
1417,c145
1418,b2235
1418,c3065
1419,c3157
1419,b2240
1420,b2247
1420,c9
1421,b2249
1421,d2054
1422,c3186
1422,b2250
1423,c3170
1423,b2251
1424,c118
1424,b2252
1425,c2906
1425,b2253
1426,c3190
1426,b2261
1427,d2058
1427,b2265
1428,d2110
1428,b2273
1429,b2276
1429,d2114
1430,c42
1430,b2279
1431,d2053
1431,b2282
1432,c12
1432,b2283
1433,c4
1433,b2284
1434,b2288
1434,c3143
1435,b2293
1435,c3159
1435,d2076
1436,b2295
1436,c135
1437,b2296
1437,c146
1438,b2297
1438,c374
1439,b2313
1439,c576
1440,c7
1440,b2314
1441,b2316
1441,c107
1442,c46
1442,b2320
1443,b2321
1443,d2060
1444,d2149
1444,b2327
1445,c1396
1445,d655
1446,c35
1446,b2330
1447,c2932
1447,b2332
1448,c144
1448,b2338
1449,c17
1449,b2340
1450,b2341
1450,c1593
1451,c1409
1451,b2343
1452,b2344
1452,c1655
1453,b2348
1453,d564
1453,c1337
1454,b2352
1454,c1729
1455,b2353
1455,d602
1455,c1684
1456,c1615
1456,b2355
1457,c1410
1457,d629
1457,b2356
1458,c1322
1458,b2358
1459,b2365
1459,c1471
1460,d703
1460,b2366
1461,c1341
1461,b2367
1462,b2368
1462,c1589
1463,b2369
1463,c1525
1464,c1782
1464,b2371
1465,c1482
1465,b2377
1466,d606
1466,c1451
1466,b2379
1467,c1436
1467,b2380
1468,b2381
1468,c1668
1469,b2382
1469,c1420
1470,c1621
1470,b2383
1471,c1645
1471,b2385
1472,b2386
1472,c1528
1473,c1629
1473,b2387
1474,b2388
1474,c1162
1475,c1477
1475,b2390
1476,d707
1476,b2391
1476,c1588
1477,c1807
1477,b2395
1478,c1772
1478,b2396
1479,c1717
1479,b2397
1480,b2398
1480,c1097
1481,c1411
1481,b2399
1482,b2400
1482,c1638
1483,b2401
1483,c1549
1484,c1559
1484,b2402
1485,b2403
1485,c1447
1486,b2405
1486,c1541
1487,c1702
1487,b2408
1488,b2414
1488,c378
1489,c1734
1489,b2417
1490,c1614
1490,b2418
1491,c1468
1491,b2419
1492,d637
1492,b2421
1493,c1699
1493,b2423
1494,b2424
1494,c1662
1495,c1536
1495,b2425
1496,b2426
1496,c1513
1497,c1602
1497,b2427
1498,c1755
1498,b2428
1499,b2429
1499,d649
1500,c1521
1500,b2431
1501,b2434
1501,c1404
1502,b2435
1502,c1698
1503,b2436
1503,c1253
1504,d615
1504,c1680
1504,b2439
1505,c200
1505,d2273
1506,b2440
1506,c1412
1507,b2441
1507,c1552
1508,b2443
1508,c1679
1509,b2445
1509,c1467
1510,b2446
1510,c1581
1511,d563
1511,b2448
1512,b2453
1512,c1623
1513,c1783
1513,b2454
1514,c1478
1514,b2455
1515,b2456
1515,d586
1515,c1741
1516,b2458
1516,c1520
1517,b2459
1517,c1674
1518,b2460
1518,c356
1519,c1339
1519,b2464
1520,b2466
1520,d572
1521,d610
1521,b2468
1522,b2469
1522,c1293
1523,c1649
1523,d725
1523,b2470
1524,c1557
1524,b2472
1525,b2473
1525,d153
1526,b2476
1526,d679
1526,c1416
1527,c105
1527,b2478
1528,b2487
1528,c1508
1529,c1776
1529,b2489
1530,c1604
1530,b2490
1531,c1723
1531,b2492
1532,c1538
1532,b2494
1533,b2495
1533,c1425
1534,c1641
1534,b2497
1535,c1672
1535,b2498
1536,c1748
1536,b2501
1537,b2502
1537,c1454
1538,b2503
1538,d636
1539,c1612
1539,b2505
1540,d1689
1540,b2507
1540,c2679
1541,c1605
1541,b2508
1542,b2510
1542,c1592
1543,d575
1543,b2511
1544,b2512
1544,c1640
1545,c1004
1545,b2520
1546,d581
1546,c1803
1546,b2521
1547,b2522
1547,c1472
1548,c995
1548,b2523
1549,c1001
1549,b2527
1550,b2528
1550,c1587
1551,b2531
1551,d560
1552,c1707
1552,b2532
1553,b2533
1553,c1606
1554,d557
1554,c1335
1555,c1182
1555,b2535
1556,c1805
1556,b2536
1557,c1553
1557,b2537
1557,d625
1558,c450
1558,b2538
1559,b2540
1559,c1643
1560,c1272
1560,b2542
1561,c1544
1561,b2544
1562,c1647
1562,b2545
1563,b2548
1563,c1644
1564,b2549
1564,c1666
1565,c1483
1565,b2550
1566,c1683
1566,b2552
1567,c1710
1567,b2553
1568,c1732
1568,b2556
1568,d674
1569,b2557
1569,c1419
1570,b2560
1570,d4453
1571,d623
1571,b2561
1571,c1711
1572,b2564
1572,c440
1573,c1609
1573,b2565
1574,d614
1574,c1761
1574,b2567
1575,b2568
1575,c1512
1576,c423
1576,b2569
1577,b2571
1577,c1750
1578,c1486
1578,b2572
1579,d6012
1579,b2573
1580,b2574
1580,c1700
1581,b2575
1581,c1598
1582,b2576
1582,c1570
1583,b2578
1583,c1398
1584,c1608
1584,b2579
1585,b2580
1585,c474
1586,c1208
1586,b2581
1587,c1431
1587,b2582
1588,b2583
1588,c1665
1589,d376
1589,c1044
1590,b2586
1590,d603
1590,c1620
1591,c588
1591,b2632
1592,b2635
1592,c366
1593,c554
1593,b2639
1594,b2642
1594,c1327
1595,b2650
1595,c1340
1596,b2651
1596,c1627
1596,d573
1597,b2653
1597,c1695
1598,b2656
1598,c1545
1599,b2669
1599,c733
1600,d3249
1600,b2689
1601,d3208
1601,b2691
1602,c2606
1602,d1769
1603,d3220
1603,b2696
1604,d3211
1604,b2704
1605,b2709
1605,c2599
1606,b2718
1606,d3210
1607,d3202
1607,b2719
1608,d3205
1608,b2745
1609,c2903
1609,b2764
1610,d2655
1610,d2654
1611,b2774
1611,c869
1612,d3190
1612,b2775
1613,b2776
1613,c166
1614,b2785
1614,d3199
1615,d3270
1615,b2792
1616,d3192
1616,b2798
1617,c504
1617,b2807
1618,d3227
1618,b2808
1619,d3186
1619,b2830
1620,d3187
1620,b2840
1621,b2846
1621,d3193
1622,b2847
1622,d3198
1623,b2860
1623,d3322
1624,d3323
1624,b2865
1625,c2568
1625,b2866
1626,b2868
1626,d3324
1627,c381
1627,d106
1628,b2870
1628,d5238
1629,b2871
1629,c170
1630,c337
1630,b2888
1631,d3307
1631,b2891
1632,d3326
1632,b2902
1633,b2911
1633,d198
1633,c1137
1634,d3330
1634,b2933
1635,b2936
1635,d3348
1636,b2939
1636,d3331
1637,d3332
1637,b2942
1638,d3334
1638,b2946
1639,d3335
1639,b2947
1640,b2956
1640,d3336
1641,b2958
1641,d3337
1642,d3349
1642,b2965
1643,b2979
1643,d81
1644,b2995
1644,d3315
1645,c539
1645,b2998
1646,d3350
1646,b3000
1647,b3012
1647,d3359
1648,d3340
1648,b3015
1649,b3016
1649,d3302
1650,d3351
1650,b3020
1651,b3021
1651,d3341
1652,d3342
1652,b3028
1653,d3344
1653,b3032
1654,b3039
1654,d3346
1655,c371
1655,b3048
1656,d3347
1656,b3049
1657,d16
1657,c672
1658,d28
1658,c705
1659,d30
1659,c645
1660,d34
1660,c747
1661,d46
1661,c663
1662,d52
1662,c772
1663,d64
1663,c625
1664,c582
1664,d67
1665,c751
1665,d87
1666,d115
1666,c498
1667,d197
1667,c947
1668,d199
1668,c1309
1669,d204
1669,c1316
1670,d205
1670,c1255
1671,d206
1671,c1019
1672,c1063
1672,d208
1673,d211
1673,c970
1674,c860
1674,d212
1675,d213
1675,c917
1676,d215
1676,c1318
1677,c1159
1677,d216
1678,c1121
1678,d219
1679,c1394
1679,d223
1680,c1223
1680,d227
1681,d229
1681,c1038
1682,d234
1682,c1233
1683,c1227
1683,d239
1684,d245
1684,c1238
1685,d253
1685,c1231
1686,c1034
1686,d254
1687,d255
1687,c1064
1688,c1366
1688,d262
1689,d275
1689,c1220
1690,c1009
1690,d282
1691,d288
1691,c1078
1692,c1271
1692,d293
1693,c1033
1693,d305
1694,c996
1694,d306
1695,c907
1695,d309
1696,d315
1696,c859
1697,d316
1697,c983
1698,d332
1698,d322
1699,d330
1699,c1244
1700,c1360
1700,d331
1701,c957
1701,d340
1702,c1054
1702,d357
1703,c745
1703,d365
1704,c1618
1704,d551
1705,d558
1705,c1535
1706,d561
1706,c1506
1707,d562
1707,c1413
1708,d574
1708,c1507
1709,d580
1709,c1499
1710,d584
1710,c1733
1711,d596
1711,c1464
1712,c1632
1712,d598
1713,c1334
1713,d607
1714,c1497
1714,d611
1715,c1635
1715,d618
1716,d622
1716,c1240
1717,d628
1717,c1462
1718,c1603
1718,d640
1719,d647
1719,c1582
1720,d740
1720,c1533
1721,c1449
1721,d760
1722,c1532
1722,d771
1723,c1579
1723,d811
1724,d894
1724,c1930
1725,d1084
1725,d996
1726,c1631
1726,d1037
1727,d1150
1727,c2162
1728,c2276
1728,d1163
1729,d1190
1729,c2228
1730,c2265
1730,d1191
1731,d1388
1731,d1205
1732,c2287
1732,d1226
1733,c2096
1733,d1235
1734,c2405
1734,d1392
1735,d1395
1735,c2386
1736,d1407
1736,c2432
1737,d1411
1737,c2382
1738,d1412
1738,c2411
1739,d1414
1739,c2479
1740,d1421
1740,c2321
1741,d1430
1741,c2294
1742,d3967
1742,d3968
1743,c2320
1743,d1507
1744,d1606
1744,d1593
1745,c2744
1745,d1651
1746,c2579
1746,d1653
1747,c2702
1747,d1657
1748,d1672
1748,c2852
1749,d1804
1749,d1675
1750,c2819
1750,d1707
1751,c2668
1751,d1734
1752,c2990
1752,d1860
1753,c3019
1753,d1867
1754,c2979
1754,d1913
1755,c3051
1755,d1928
1756,c2944
1756,d1937
1757,c2892
1757,d1951
1758,c2920
1758,d1959
1759,d1999
1759,c2998
1760,d2075
1760,c3071
1761,d2118
1761,c3097
1762,d2205
1762,c246
1763,d2240
1763,c191
1764,d2768
1764,d2779
1765,d3604
1765,d3605
1765,d3665
1766,d3709
1766,d3784
1767,d4109
1767,d4018
1768,d4556
1768,d4603
1769,d4696
1769,d4739
1770,c3361
1770,d6018
1771,d6476
1771,c3370
1772,c1209
1772,c1287
1773,b1667
1773,c291
1774,b1993
1774,c306
1775,c2789
1775,b878
1776,a839
1776,b1485
1777,a1091
1777,b2625
1778,c70
1778,b1912
